"conversation_id_str","created_at","favorite_count","full_text","id_str","image_url","in_reply_to_screen_name","lang","location","quote_count","reply_count","retweet_count","tweet_url","user_id_str","username"
"1849141289486528956","Wed Oct 23 23:59:57 +0000 2024","1","@CNNIndonesia muke lu bau menyan fufufafa","1849239367820398784","","CNNIndonesia","in","","0","0","0","https://x.com/benaradil/status/1849239367820398784","1490799782952316930","benaradil"
"1848725531250069771","Wed Oct 23 23:59:21 +0000 2024","0","@CakKhum fufufafa itu argumentum ad hominem. Karya Aristoteles berjudul Sophistic Refutations bahas tentang phenomena ini kesesatan berpikir strategi retorika yg menyerang pribadi bukannya menyerang tesisnya.","1849239219270787577","","CakKhum","in","Jeddah, KSA","0","0","0","https://x.com/3billionberry/status/1849239219270787577","93390744","3billionberry"
"1848699811442368625","Wed Oct 23 23:58:59 +0000 2024","2","@alisyarief SEMBILAN CACING BUSUK CHINA¬≤ ITU YANG JADI CUKONGNYA FUFUFAFA... MEREKA SUDAH BUAT PERJANJIAN DENGAN MULYONO... KITA LIHAT SAJA WOWO SAMPAI KAPAN JADI PRESIDENNYA... ADA KONSPIRASI 9 CACING DENGAN RAJA JAWA... KALAU TIDAK CEPAT DI HENTIKAN MAKIN HANCUR INDONESIA KU...","1849239127637860801","","alisyarief","in","Jakarta Selatan, DKI Jakarta","0","0","0","https://x.com/putra_adrin/status/1849239127637860801","715360234496065536","putra_adrin"
"1849235424109383961","Wed Oct 23 23:58:56 +0000 2024","6","@Cintada16 @prabowo Jangan lupa siapa yg nganter Lutfi-Taj Yasin ke KPU. Kayaknya Prabowo gak bakal berani melawan fufufafa ","1849239113431650745","","Cintada16","in","","0","1","1","https://x.com/DS_yantie/status/1849239113431650745","1374686160748830724","DS_yantie"
"1849239083970888133","Wed Oct 23 23:58:49 +0000 2024","1","Berapa biaya buzzernya fufufafa?? Duit darimana itu???","1849239083970888133","","","in","Indonesia","0","0","0","https://x.com/Sur_Yosodipuro/status/1849239083970888133","1600796589353668610","Sur_Yosodipuro"
"1849104135830044821","Wed Oct 23 23:58:24 +0000 2024","0","@kumparan Mohon waspada pak yg anda temui msh terafiliasi fufufafa KK mul","1849238980375781417","","kumparan","in","Central Region, Singapore","0","0","0","https://x.com/sgie_iwakndog/status/1849238980375781417","98034639","sgie_iwakndog"
"1848904522292466006","Wed Oct 23 23:58:19 +0000 2024","0","@ferrykoto Mulai... Pemolesan fufufafa on loading","1849238958196314346","","ferrykoto","in","","0","0","0","https://x.com/ikimaru30/status/1849238958196314346","1317346110990548992","ikimaru30"
"1849071258333581517","Wed Oct 23 23:58:18 +0000 2024","0","@DedynurPalakka Sejarah kelam buat negeri ini seorang wapres Fufufafa","1849238953486155956","","DedynurPalakka","in","","0","0","1","https://x.com/abang_hari86468/status/1849238953486155956","1736727670845808640","abang_hari86468"
"1848924568959979845","Wed Oct 23 23:58:09 +0000 2024","1","@wi_wijayyart @6_arung Pdhl si corla ini dulu hater kubu wowo bgt. Di 2021 dia fans ganjar sampe jadi admin grup FB dukung ganjar nyaprez. Bahkan ada rekam jejaknya ngatain anak wowo kyk fufufafa. Eee kok tau2 2024 endorse wowo hahaha https://t.co/quJMcr5Ojn","1849238916630794541","","wi_wijayyart","in","","0","0","0","https://x.com/julidah168/status/1849238916630794541","1755426902310031360","julidah168"
"1849209762736664748","Wed Oct 23 23:57:48 +0000 2024","2","@OposisiCerdas Sangat disayangkan tuntutan netizen Indonesia agar fufufafa ditangkap nggak didengar penguasa.persamaan rakyat medsos didepan hukum omong kosong!","1849238827854086461","","OposisiCerdas","in","","0","0","0","https://x.com/NasibulU/status/1849238827854086461","1091010861743796226","NasibulU"
"1848943901874491846","Wed Oct 23 23:57:24 +0000 2024","0","@DokterTifa @prabowo Buzzer fufufafa sudah pada siap¬≤ untuk melindungi juragannya. ","1849238726276424000","","DokterTifa","in","Malang, Jawa Timur","0","0","0","https://x.com/Dwi_moko/status/1849238726276424000","462651241","Dwi_moko"
"1849238697478435209","Wed Oct 23 23:57:17 +0000 2024","0","Fufufafa dan mobil esemka adalah misteri negeri ini","1849238697478435209","","","in","Indonesia","0","0","0","https://x.com/TovickVieira/status/1849238697478435209","1604390439863586816","TovickVieira"
"1848935754816516448","Wed Oct 23 23:57:01 +0000 2024","0","@tham878 Jimly?? Kita maafkan fufufafa wkwkkw","1849238629702672545","","tham878","in","","0","0","0","https://x.com/chameleon_x3/status/1849238629702672545","1820689947910926336","chameleon_x3"
"1849238604654264411","Wed Oct 23 23:56:55 +0000 2024","0","gak nonton tapi alhamdulillah","1849238604654264411","","","in","texas","0","1","0","https://x.com/initialb0007/status/1849238604654264411","1760643713523703808","initialb0007"
"1849235347353567705","Wed Oct 23 23:56:51 +0000 2024","2","@DokterTifa Si fufufafa pasti akan jadi presiden. Virus mulyono iblis itu begitu kuat. Sehat2 pak Prabowo.","1849238589647044636","","DokterTifa","in","Di Hatimu","0","0","0","https://x.com/codebwi1/status/1849238589647044636","1578545031962857473","codebwi1"
"1849238364043845853","Wed Oct 23 23:55:57 +0000 2024","5","LENGSERKAN FUFUFAFA !!! #FufufafaWapresPsikopat #FufufafaWapresPsikopat #FufufafaWapresIlegal #FufufafaWapresIlegal #FufufafaAibNasional #FufufafaAibNasional #FufufafaWapresIlegal #FufufafaWapresIlegal #FufufafaAibNasional #FufufafaAibNasional","1849238364043845853","","","in","GAZA,PALESTINEüáµüá∏","0","3","3","https://x.com/OjolNyambi/status/1849238364043845853","1488415825958944771","OjolNyambi"
"1849238263351128164","Wed Oct 23 23:55:33 +0000 2024","275","FUFUFAFA HATERS PRESIDEN LHO INI?! üá≤üá® https://t.co/93t0PjfU6r","1849238263351128164","https://pbs.twimg.com/ext_tw_video_thumb/1849238209613733888/pu/img/kRuYfTekD8Wwiyfg.jpg","","in","","5","7","112","https://x.com/Boediantar4/status/1849238263351128164","1383750727575605257","Boediantar4"
"1848937228971741672","Wed Oct 23 23:54:12 +0000 2024","123","@Intel_Imut Wah apa nih guys. Cepet spill. Apakah fufufafa?","1849237923188928980","","Intel_Imut","in","Villedieu-sur-Indre, France","0","3","0","https://x.com/piikaphile/status/1849237923188928980","3278597606","piikaphile"
"1849237880759271453","Wed Oct 23 23:54:02 +0000 2024","0","Hebat juga ya fufufafa ga sadar masuk ke otak orang2 modelan ini pikirannya tiap saat tiap hari fufufafa ","1849237880759271453","","","in","","0","0","0","https://x.com/fajar3nug/status/1849237880759271453","1512438842589995011","fajar3nug"
"1849235391045586996","Wed Oct 23 23:54:01 +0000 2024","1","@BudiBukanIntel @gibran_tweet Udah mulai ga masuk akal lu bud. Biarin sih beliau memoles citranya utk 2029. Tinggal penuhi komen IG nya dgn kata Fufufafa","1849237874035867723","","BudiBukanIntel","in","","0","3","0","https://x.com/gudangfactos/status/1849237874035867723","1117833600525713408","gudangfactos"
"1849144594744934562","Wed Oct 23 23:53:58 +0000 2024","16","@BosPurwa @prabowo makan gratis itu urusannya dg perut lsg. ngasih program ini ke fufufafa sama aja kasih program kampanye bansos fufufafa yg scr legal dibiayai negara.","1849237863562678768","","BosPurwa","in","Medan Merdeka Timur","0","0","0","https://x.com/roymz_13/status/1849237863562678768","153369068","roymz_13"
"1849237841290903915","Wed Oct 23 23:53:53 +0000 2024","7","Ngak papa banyak PHK yang penting dapat makan siang gratis... Semangat pagi warga fufufafa... https://t.co/qp2yZF4v5z","1849237841290903915","https://pbs.twimg.com/media/GanQAvIbwAApc6P.jpg","","in","","0","0","1","https://x.com/AbanggSayur/status/1849237841290903915","1102960516832550912","AbanggSayur"
"1848671199053938959","Wed Oct 23 23:53:53 +0000 2024","0","@MartinusButarb1 Bner2 udh di siapin buat 2029.. buzzer Mulyono gas polll moles si fufufafa","1849237840875733126","","MartinusButarb1","in","","0","0","0","https://x.com/Jezaelans/status/1849237840875733126","1292008325073129475","Jezaelans"
"1849143794534633661","Wed Oct 23 23:53:24 +0000 2024","0","@anandabadudu Iyaaa mas bener jadi media untuk dongkrak akun fufufafa kalau kemaren kebelakang tuh moles citra mulyono nah sekarang fufufafa","1849237722000671184","","anandabadudu","in","","0","0","0","https://x.com/dikatamz/status/1849237722000671184","2370019122","dikatamz"
"1849237613976432797","Wed Oct 23 23:52:59 +0000 2024","0","Saya komen pakai bahasa Indonesia dan runut Dibully memang Tapi ya I couldn't care less dibalas komen nya oleh pendukungnya fufufafa It's not like their opinions matter anyway","1849237613976432797","","","in","Indonesia","0","0","0","https://x.com/ImaIsBack/status/1849237613976432797","1713265779234549760","ImaIsBack"
"1849237188204204094","Wed Oct 23 23:52:53 +0000 2024","0","@lovin9ichan udahh pindah pindah","1849237589250961855","","lovin9ichan","in","","0","0","0","https://x.com/oranghematt/status/1849237589250961855","1686803547248263168","oranghematt"
"1848944547503739349","Wed Oct 23 23:52:49 +0000 2024","0","@hasyimmah @simplemamin Penaklukan partai dgn menyandera KETUM partai itu aji mumpung.... Malin Kundang yg tdk tahu diri... Tidak tahu trm ksh... Smua demi kepentingan keluarga ( FuFuFaFa ).. Itu bukan negarawan tp Bangsatwan...","1849237573023174773","","hasyimmah","in","","0","1","0","https://x.com/oblosid/status/1849237573023174773","1682947690311852032","oblosid"
"1849236834813112576","Wed Oct 23 23:52:39 +0000 2024","0","@lovin9ichan turnitin hikss. eh km mau ikut yg acs acs itu yh?","1849237533005332870","","lovin9ichan","in","","0","2","0","https://x.com/oranghematt/status/1849237533005332870","1686803547248263168","oranghematt"
"1848956530823205060","Wed Oct 23 23:52:27 +0000 2024","0","@denismalhotra Sebodoh apa pun fufufafa dia jauh lebih cerdas dibandingkan pendukung dan pemilihnya. Mayoritas masyarakat Indo memang seidiot dan semoron itu.","1849237483034423737","","denismalhotra","in","","0","0","0","https://x.com/Ikhwanazis89/status/1849237483034423737","2335942801","Ikhwanazis89"
"1848943901874491846","Wed Oct 23 23:51:27 +0000 2024","1","@EppyAnwar @DokterTifa @prabowo Pres/wapres jobdescnya membuat gagasan untuk diaplikasikan dengn baik n bener. Begituan cukup dirjen gak usah caper n pencit fufufafa. Tp maklum like father like son mukidi's style no value only gimmick.","1849237229002248303","","EppyAnwar","in","Indonesia","0","1","0","https://x.com/KamelNeneknenek/status/1849237229002248303","1711028749708500992","KamelNeneknenek"
"1849237188204204094","Wed Oct 23 23:51:17 +0000 2024","0","oi turnitin aku dari semalem kok blm keluar keluar ya hasilnya","1849237188204204094","","","in","","0","2","0","https://x.com/oranghematt/status/1849237188204204094","1686803547248263168","oranghematt"
"1849237056448512432","Wed Oct 23 23:50:46 +0000 2024","0","terpantau wapres hasil rahim haram konstitusi yang juga merangkap admin fufufafa itu one day one/two post pencitraan","1849237056448512432","","","in","","0","0","0","https://x.com/txtdariordebaru/status/1849237056448512432","1758780514633461762","txtdariordebaru"
"1849052615268786680","Wed Oct 23 23:49:48 +0000 2024","0","@BosPurwa @prabowo Sembah sujud fufufafa","1849236815624147450","","BosPurwa","in","","0","0","0","https://x.com/niskala1214/status/1849236815624147450","1745836687400501248","niskala1214"
"1849236606731087944","Wed Oct 23 23:48:58 +0000 2024","0","WTS WTB JUAL BELI APLIKASI PREMIUM NETFLIX DISNEY CANVA VIDIO CAPCUT AMAZON PRIME GETCONTACT YOUTUBE IQIYI VIU BSTATION WETV LOKLOK CHATGPT YOUKU order ke wa https://t.co/YyHOOOS9WS t. nebeng lolly p diddy siang kamis nikmir fufufafa paula 20 T speed hujan RP 1 95 #zonauang https://t.co/0rUa3ymo4H","1849236606731087944","https://pbs.twimg.com/media/GanO43YbIAAJTji.jpg","","in","order bisa langsung ke wa/dm ","0","0","0","https://x.com/celineeass/status/1849236606731087944","1594271999118831616","celineeass"
"1849236500040581406","Wed Oct 23 23:48:33 +0000 2024","0","Rakyat toktok ini astagfirullah kok kalian juga yg bikin negara ini dipimpin fufufafa hhhhh gedeg kali aku","1849236500040581406","","","in","","0","0","0","https://x.com/bekyonim/status/1849236500040581406","279341439","bekyonim"
"1849236461113245761","Wed Oct 23 23:48:24 +0000 2024","0","Akun fufufafa penghin presiden @prabowo ayo nil @Dahnilanzar @MardaniAliSera @fadlizon gempur si @gibran_tweet kayakx gak beres itu org mau maju di 2029 lawan prabowo","1849236461113245761","","","in","","0","0","0","https://x.com/dedi_militan/status/1849236461113245761","1825474490903748608","dedi_militan"
"1849085310539575802","Wed Oct 23 23:47:23 +0000 2024","1","@Lostama18 @MzRoel @Intel_Imut dan org double tolol sedang sibuk ngombehan si fufufafa ","1849236204698706142","","Lostama18","in","","0","0","0","https://x.com/hanaaadaa/status/1849236204698706142","1654857380302307329","hanaaadaa"
"1849235347353567705","Wed Oct 23 23:47:02 +0000 2024","72","@DokterTifa fufufafa terus digulirkan hingga viral agar rakyat tidak terlena","1849236118807654844","","DokterTifa","in","Majapahit Selatan ","0","0","8","https://x.com/MasboyK/status/1849236118807654844","2831858568","MasboyK"
"1848926263232299419","Wed Oct 23 23:46:56 +0000 2024","1","@Beti27740526 @hobaguguma @JhonSitorus_18 @TheWandererInd1 Lebih menijikkan si fufufafa.","1849236093025255652","","Beti27740526","in","","0","1","0","https://x.com/kakehan_jupuke/status/1849236093025255652","1827152787073081344","kakehan_jupuke"
"1848645684167381308","Wed Oct 23 23:46:55 +0000 2024","0","@Mdy_Asmara1701 untuk mengalihkan isu fufufafa ","1849236088101216696","","Mdy_Asmara1701","in","","0","0","0","https://x.com/Candra76832145/status/1849236088101216696","1144038714290479105","Candra76832145"
"1849071258333581517","Wed Oct 23 23:46:30 +0000 2024","4","@DedynurPalakka Saya yakin Si Fufufafa yg katanya pemuda hebat dg prestasi segudang mantap berpolitiknya ini... gak akan berani muncul ke Kampus utk adu gagasan &amp; diskusi kebangsaan dg Para Mahasiswa...!!!","1849235984204116119","","DedynurPalakka","in","Kota Surabaya, Jawa Timur","0","1","1","https://x.com/gus_shs/status/1849235984204116119","975323517557207041","gus_shs"
"1849065098176045561","Wed Oct 23 23:46:13 +0000 2024","0","@OjolNyambi nanti diteruskan sama fufufafa the next bonekanya kata xi jinping https://t.co/rkoff0gha7","1849235914712928619","https://pbs.twimg.com/media/GanOQqvaoAA5nNa.jpg","KarinaNadila18","in","","1","2","0","https://x.com/KarinaNadila18/status/1849235914712928619","1604319317964730368","KarinaNadila18"
"1849206361512726861","Wed Oct 23 23:46:07 +0000 2024","2","@blackshark7890 @AkhirZaman2023 Ngeriii jika bnr Wowo cm jdi RI 1 slm 2 th selanjutnya diterusin fufufafa. Mobilisasi seluruh elemen masyarakat tuk tolak fufufafa akan mampu kalahkan penyandang dana besar. Pengalaman saat China drop 100.000 senjata tuk PKI Kalah oleh seluruh elemen","1849235887407665574","","blackshark7890","in","Tebet, Indonesia","0","4","1","https://x.com/Fatimah81819162/status/1849235887407665574","1579386608910237697","Fatimah81819162"
"1849233111038468489","Wed Oct 23 23:45:58 +0000 2024","0","@jogjamfs Semangat semangat kawan. Nanti bisa dong spill'' soalnya. Aku juga tes SKD bulan depan","1849235848711291374","","jogjamfs","in","","0","1","0","https://x.com/tentuTanya/status/1849235848711291374","1836439487842521090","tentuTanya"
"1848857067001680368","Wed Oct 23 23:45:55 +0000 2024","1","@DokterTifa @prabowo Fufufafa nggak punya akhlaq","1849235839378977062","","DokterTifa","in","","0","0","0","https://x.com/Sudrajat04j/status/1849235839378977062","1294923542740389888","Sudrajat04j"
"1848679162787361086","Wed Oct 23 23:45:55 +0000 2024","0","@republikaonline Fufufafa kemana ya?","1849235839278288940","","republikaonline","in","","0","0","0","https://x.com/Sudrajat04j/status/1849235839278288940","1294923542740389888","Sudrajat04j"
"1848701795201389066","Wed Oct 23 23:45:55 +0000 2024","0","@kegblgnunfaedh Fufufafa mah bebas ya?","1849235839265759536","","kegblgnunfaedh","in","","0","0","0","https://x.com/Sudrajat04j/status/1849235839265759536","1294923542740389888","Sudrajat04j"
"1849025232251605279","Wed Oct 23 23:45:14 +0000 2024","0","@cinnamonflag @sourvive Biden presiden negara adidaya aja aku ga bakal respek bapaknya si fufufafa jg. Aku masih lbh bisa respek sama abang2 satpam BCA / abang gojek yg ramah &amp; gak curangi orang. Patokan manusia patut dihormati bukan jabatan tp sikap kelakuan dan track recordnya.","1849235665810317378","","cinnamonflag","in","Malang, Jawa Timur","0","1","0","https://x.com/teatree917/status/1849235665810317378","68913755","teatree917"
"1848680218598531190","Wed Oct 23 23:43:50 +0000 2024","0","@AdamMukhsi33010 @steepymaroon46 pusing gue vidio ampe ikut2an ngiklan juga jadi tambah panjang ","1849235315334291562","","AdamMukhsi33010","in","","0","0","0","https://x.com/nyaribokep69/status/1849235315334291562","1801760928742129664","nyaribokep69"
"1848928305359294763","Wed Oct 23 23:43:41 +0000 2024","0","@dayatpiliang Dalam hati fufufafa wahai pemuja ku serang dia sekarang .agar dia tau siapa yang dia lawan .","1849235276889247988","","dayatpiliang","in","","0","0","0","https://x.com/RenalaShidiq/status/1849235276889247988","938062210055548928","RenalaShidiq"
"1849083307902042264","Wed Oct 23 23:43:35 +0000 2024","1","@Jangkrikgengg15 @Tan_Mar3M Level fufufafa spt ini ? @tekarok007 .","1849235252004430182","","Jangkrikgengg15","in","","0","0","0","https://x.com/Sang_Rajawali/status/1849235252004430182","300588255","Sang_Rajawali"
"1849036787328725116","Wed Oct 23 23:28:55 +0000 2024","0","@PelatihT1dur Sepuluh tahun disuguhi drama dan kebohongan itu sudah muak dan jijik ini mau seperti itu lagi......muntah lihatnya Prabowo hrs segera hentikan fufufafa secepatnya","1849231561260138871","","PelatihT1dur","in","","0","0","0","https://x.com/Sean1724501685/status/1849231561260138871","1438876794375925765","Sean1724501685"
"1849080642459603224","Wed Oct 23 23:28:54 +0000 2024","0","@Boediantar4 Usul bro tambahkan jam mata pelajaran agama jangan cm seminggu sekali KLO perlu tiap hari biar anak didik JD manusia kenal Tuhannya kenal ajarane nek gede dadi pejabat takut Rabb nya Ra wani korupsi otake ora kosong koyo fufufafa","1849231556034036090","","Boediantar4","in","","0","0","0","https://x.com/HanifaTiyo12459/status/1849231556034036090","1746069065796616192","HanifaTiyo12459"
"1849231343789756786","Wed Oct 23 23:28:04 +0000 2024","1386","Prof Connie yg analisanya selalu tajam ngasih tau agar jangan sampe ada Mulyono baru. Prabowo Yes Fufufafa No https://t.co/0mU44TYwAL","1849231343789756786","https://pbs.twimg.com/amplify_video_thumb/1849231206094868480/img/RWYWXrJ4pmXXJwq6.jpg","","in","","11","47","550","https://x.com/PelatihT1dur/status/1849231343789756786","1400896654820085760","PelatihT1dur"
"1848807903421198783","Wed Oct 23 23:27:57 +0000 2024","0","@ronaldy596 Fufufafa jg pernah ditanya ky gini jawabannya : jadi pengusaha aja jawaban yg sama dgn yg ini yaitu jawaban dungu sesuai kemampuan otak dungu","1849231318116389174","","ronaldy596","in","","0","0","0","https://x.com/TutungFaja45690/status/1849231318116389174","1695413156888322048","TutungFaja45690"
"1848905255326781475","Wed Oct 23 23:27:19 +0000 2024","0","@ArdieSuhardi321 Bahasanya Karena penegak hukum takut menindak FufuFafa","1849231154756600309","","ArdieSuhardi321","in","","0","0","0","https://x.com/hermanj18928758/status/1849231154756600309","1620456685654659072","hermanj18928758"
"1849230901651407172","Wed Oct 23 23:26:18 +0000 2024","0","Di negara lucu ini 30 tahun ke atas dianggap fossil ","1849230901651407172","","","in","","0","1","0","https://x.com/txtfromfafa/status/1849230901651407172","148208064","txtfromfafa"
"1848844509813383517","Wed Oct 23 23:26:05 +0000 2024","0","@PelatihT1dur Kata favorit fufufafa adalah: genjot Entah kenapa sering banget dia gunakan kata satu itu.","1849230845443465376","","PelatihT1dur","in","Indonesia","0","0","0","https://x.com/mata_mata/status/1849230845443465376","65924621","mata_mata"
"1848907128842686696","Wed Oct 23 23:25:49 +0000 2024","0","@abu_waras Bapake presiden kelas walkot nah ini anaknya fufufafa wapres kelas mandor.","1849230781304181226","","abu_waras","in","","0","0","0","https://x.com/supono_edi404/status/1849230781304181226","1709083139744874496","supono_edi404"
"1848585934373331420","Wed Oct 23 23:25:44 +0000 2024","0","@Rizieq_Sangean Otak fufufafa.","1849230760060076109","","Rizieq_Sangean","in","","0","0","0","https://x.com/abidinoye/status/1849230760060076109","831437852411990016","abidinoye"
"1849001290191540346","Wed Oct 23 23:25:17 +0000 2024","0","@cingreborn @gibran_tweet mending lo meditasi bersihin otaklo lo sekarang wapres tebus kesalahanlo belajar dari kesalahan fufufafa bukannya lanjut part XXX ga usah sok ngartis bjir","1849230645530406961","","cingreborn","in","meet the diamond in the rough","0","0","0","https://x.com/GraceSamudera/status/1849230645530406961","140643023","GraceSamudera"
"1848833115487367245","Wed Oct 23 23:23:42 +0000 2024","0","@hnirankara Fufufafa LG caper ngebeet PGN dapat sorotan otak kopong","1849230246924718340","","hnirankara","in","","0","0","0","https://x.com/Astriany18/status/1849230246924718340","1099905036220456960","Astriany18"
"1849044742795063718","Wed Oct 23 23:23:29 +0000 2024","0","@KompasTV Mundur lebih kesatria bos klw gini cengaas cengees pertanda kau tidak layak sama seperti #fufufafa 11 12","1849230190892994689","","KompasTV","in","pulau seribu","0","0","0","https://x.com/Om_ibung24434/status/1849230190892994689","1111570722","Om_ibung24434"
"1848576510497894908","Wed Oct 23 23:23:09 +0000 2024","0","@dnflwme fufufafa jangan jangan","1849230106331578609","","dnflwme","in","dnf","0","0","0","https://x.com/mosctow/status/1849230106331578609","1796568096817487872","mosctow"
"1849003193541521683","Wed Oct 23 23:22:29 +0000 2024","1","@republikaonline Bilang aja dia fufufafa anak haram konstitusi","1849229941805867357","","republikaonline","in","","0","0","0","https://x.com/d701ri/status/1849229941805867357","1892625373","d701ri"
"1849228193045324256","Wed Oct 23 23:15:32 +0000 2024","0","wtb wts SEDIA APPLIKASI PREMIUM MURAH BERGARANSI!! BSTATION CANVA CAPCUT HBOGO IQIYI NETFLIX PRIME VIDIO VIU WETV YOUTUBE VIDIO RCTI+ VISION+ t. Presiden Fufufafa Menteri fast resp - https://t.co/GmRxwU6AKg #zonauang #zonajajan 06.15-24/10/24 https://t.co/I9jyl1Lu8g","1849228193045324256","https://pbs.twimg.com/media/GanHPd-aMAAE0AO.jpg","","in","","0","0","0","https://x.com/serenitue/status/1849228193045324256","3437960000","serenitue"
"1848807903421198783","Wed Oct 23 23:15:17 +0000 2024","0","@ronaldy596 Coba fufufafa suruh ikutan debat kek gini","1849228127039619380","","ronaldy596","in","","0","0","0","https://x.com/LeannahEri25657/status/1849228127039619380","1826130716796862464","LeannahEri25657"
"1849001290191540346","Wed Oct 23 23:14:38 +0000 2024","0","@cingreborn Jiwa fufufafa nya masih ada ternyata","1849227966959731163","","cingreborn","in","Indonesia","0","0","0","https://x.com/syamoneelse/status/1849227966959731163","248566930","syamoneelse"
"1849227846604173386","Wed Oct 23 23:14:10 +0000 2024","1"," sesuai arahan fufufafa kok itu","1849227846604173386","","","in","–ù–µ—Ñ—Ç–µ–∫–∞–º—Å–∫, –†–æ—Å—Å–∏—è","0","0","1","https://x.com/baihaki_ahmad/status/1849227846604173386","86645525","baihaki_ahmad"
"1849227740752511017","Wed Oct 23 23:13:45 +0000 2024","1","rakyat fufufafa sesungguhnya https://t.co/qlU0GgGYWM","1849227740752511017","https://pbs.twimg.com/media/GanG0YlbcAAmy95.jpg","","in","","0","0","0","https://x.com/anaknyapakrudi/status/1849227740752511017","1070580193209679873","anaknyapakrudi"
"1849227676361662618","Wed Oct 23 23:13:29 +0000 2024","0","WTS WTB JUAL BELI APLIKASI PREMIUM NETFLIX DISNEY CANVA VIDIO CAPCUT AMAZON PRIME GETCONTACT YOUTUBE IQIYI VIU BSTATION WETV LOKLOK CHATGPT YOUKU order ke wa https://t.co/YyHOOOS9WS t. nebeng lolly p diddy siang kamis nikmir fufufafa sarapan speed hujan RP 1 93 #zonauang https://t.co/ycrVt4v4wq","1849227676361662618","https://pbs.twimg.com/media/GanGxESa8AAh_dv.jpg","","in","order bisa langsung ke wa/dm ","0","0","0","https://x.com/celineeass/status/1849227676361662618","1594271999118831616","celineeass"
"1848887257656369428","Wed Oct 23 23:13:24 +0000 2024","0","@primawansatrio Wkkwkwk endingnya tetep yaa kena aja nih fufufafa ","1849227653062218117","","primawansatrio","in","","0","0","0","https://x.com/ayu_076/status/1849227653062218117","1361540442102272001","ayu_076"
"1849025232251605279","Wed Oct 23 23:13:10 +0000 2024","126","@sourvive @fldxlia Tp fans sebelah malah kesinggung secara g langsung mereka ngakuin kalau fufufafa tuh wapres ny ","1849227595889652055","","sourvive","in","","0","1","2","https://x.com/vannychoco_/status/1849227595889652055","1718663417714892800","vannychoco_"
"1849149265324691950","Wed Oct 23 23:12:51 +0000 2024","0","@BosPurwa Dulu pak Prab nggendong mulyono jd gubernur yang damage banget. Sekarang nggendong fufufafa jadi wapres yang goblok banget. Semacam kutukan gitu. Marah tp masih milih dia karna kasihan.","1849227516676121018","","BosPurwa","in","Pakarti","0","0","0","https://x.com/bookpapers/status/1849227516676121018","1266350503316709376","bookpapers"
"1848737898453217567","Wed Oct 23 23:12:42 +0000 2024","0","@Chynthia_K Media jangan tanya teknis proyek. Cukup tanya serial FUFUFAFA gimana kelanjutannya","1849227478159753640","","Chynthia_K","in","Payakumbuh","0","0","0","https://x.com/Zulkadri_D/status/1849227478159753640","386561864","Zulkadri_D"
"1848994072721297761","Wed Oct 23 23:11:54 +0000 2024","0","@CakKhum Si FufuFafa goblok...nyari pengikut di Jabodetabek dulu padahal klo dia gak goblok banget emang bener2 lagi kerja noh yg butuh banget makan gratis dipelosok2 yg masih susah dijamah.","1849227276589932828","","CakKhum","in","","0","0","0","https://x.com/DemonArul94008/status/1849227276589932828","1781528652955676672","DemonArul94008"
"1849026638631277017","Wed Oct 23 23:11:25 +0000 2024","0","@DedynurPalakka @AnalisNetra @jokowi BLT buat penjilatnya kayak kamu ","1849227155391303697","","DedynurPalakka","in","","0","0","0","https://x.com/SOSSXL/status/1849227155391303697","1603600137036890112","SOSSXL"
"1848737898453217567","Wed Oct 23 23:11:22 +0000 2024","0","@Chynthia_K Fufufafa sebaiknya disimpan di IKN. Terusin warisan Mulyono","1849227144456712599","","Chynthia_K","in","","0","0","0","https://x.com/d701ri/status/1849227144456712599","1892625373","d701ri"
"1849065879516094759","Wed Oct 23 23:11:16 +0000 2024","3","@msaid_didu Yg terpnting tetaplah balik makian agar fufufafa n bapaknya mkin terbongkar busuknya cb di up lgi saat genk solo selamatkn mulyo-No dr korupsi buku. Tak peduli siapa saja yg terseret ini ada korelasi dgn sigit dan firli serta seorang kiai yg jd mediator lolosnya.","1849227118372421862","","msaid_didu","in","DKI Jakarta, Indonesia","0","0","0","https://x.com/WAR_RASBOY/status/1849227118372421862","785969038404956161","WAR_RASBOY"
"1849224587755848106","Wed Oct 23 23:11:00 +0000 2024","0","@ZAEffendy Jogetin aja bang fufufafa. Semua akhlak jadi error negeri ini https://t.co/erpYWVzJvO","1849227051578134853","https://pbs.twimg.com/ext_tw_video_thumb/1849226993231106048/pu/img/qUsWacYDOXWftmUr.jpg","ZAEffendy","in","Riau, Indonesia","0","0","0","https://x.com/Julius_And/status/1849227051578134853","870774523","Julius_And"
"1848731390306824306","Wed Oct 23 23:04:17 +0000 2024","0","@JhonSitorus_18 Ayo Buzzerp Pemerintah bergerak dong ...apa udah di cabut dana Buzzerp kalian karena ganti presiden...kan masih ada anak cupu Fufufafa..","1849225360770256948","","JhonSitorus_18","in","","0","0","0","https://x.com/DemonArul94008/status/1849225360770256948","1781528652955676672","DemonArul94008"
"1848937228971741672","Wed Oct 23 23:04:02 +0000 2024","8","@Intel_Imut JUJUR AJA GUE OKE2 AJA DG PAK PRABOWO KRN GUS DUR AJA BILANG ORG PALING TULUS D NEGERI INI YA PRABOWO KRN BBRP KALI DIKHIANATI LAWAN POLITIK&amp;MILITER PUN DIA SABAR TP UNTUK FUFUFAFA BENER2 KETERLALUAN SIH TRAGEDI WAPRES ABAL2","1849225298119979273","","Intel_Imut","in","","0","1","0","https://x.com/azkbyzk/status/1849225298119979273","1687975253501419521","azkbyzk"
"1849225137624887603","Wed Oct 23 23:03:24 +0000 2024","0","Salah asuu..","1849225137624887603","","","in","","0","0","0","https://x.com/hamas191/status/1849225137624887603","1542540315835260929","hamas191"
"1848903206929371543","Wed Oct 23 23:03:10 +0000 2024","0","@JhonSitorus_18 Kalau mayor teddy sih nggak masalah lah kompeten nah ini fufufafa kaya orang mabok jadi wapres","1849225080846598147","","JhonSitorus_18","in","","0","0","0","https://x.com/ValenCantik1/status/1849225080846598147","988315874858713088","ValenCantik1"
"1849052615268786680","Wed Oct 23 23:03:00 +0000 2024","0","@BosPurwa @prabowo Sungguh bocah2 SMP itu masih polos. Begitu juga emak2nya yang gk paham siapa fufufafa. Coba si samsul ini blusukan ke SMA favorit di Jakarta. Penasaran reaksi murid2 dan ortunya kayak apa.","1849225035367739677","","BosPurwa","in","","0","0","0","https://x.com/RidNgemil/status/1849225035367739677","547856416","RidNgemil"
"1849021182970093611","Wed Oct 23 23:02:51 +0000 2024","6","@Nokturnal_99 didikan fufufafa.","1849225000773140920","","Nokturnal_99","in","Canada Gang II","0","0","2","https://x.com/TheCurut007/status/1849225000773140920","1281787294605664256","TheCurut007"
"1848930127570473151","Wed Oct 23 23:02:40 +0000 2024","1","@whit3p0ny Iya nih ngambek sama Fufufafa","1849224951443972560","","whit3p0ny","in","","0","0","0","https://x.com/__Blluerinn/status/1849224951443972560","1734817843714392064","__Blluerinn"
"1849039489047617954","Wed Oct 23 23:02:36 +0000 2024","0","@Strategi_Bisnis Mari kita jadikan fufufafa sebagai duta matematika ","1849224937158181357","","Strategi_Bisnis","in","","0","0","0","https://x.com/supono_edi404/status/1849224937158181357","1709083139744874496","supono_edi404"
"1849070442700746996","Wed Oct 23 23:01:58 +0000 2024","0","@are_inismyname @Ndons_Back @99propaganda @BANGSAygSUJUD @DedynurPalakka @0ctoberR1 @adri_7i @Kimberley_PS08 @florieliciouss @IrawanRommi @DarekaRendy Jiah....belain fufufafa....","1849224776432386500","","are_inismyname","in","di hatimu","0","0","0","https://x.com/Natural_michin/status/1849224776432386500","1087725689053298688","Natural_michin"
"1848929424470904891","Wed Oct 23 23:01:49 +0000 2024","0","@gustavssondhela Fufufafa yg suka gitu caci maki","1849224737752494479","","gustavssondhela","in","","0","0","0","https://x.com/GantengJonru/status/1849224737752494479","1385605974929534978","GantengJonru"
"1849140110752969174","Wed Oct 23 23:01:22 +0000 2024","0","@BosPurwa @bahlillahadalia @prabowo Oh jadi meme yg kemarin viral itu lagi makan di rumah fufufafa?","1849224624971854276","","BosPurwa","in","","0","0","0","https://x.com/ilatireng/status/1849224624971854276","1749896923153334272","ilatireng"
"1848725531250069771","Wed Oct 23 23:01:17 +0000 2024","0","@CakKhum @PDI_Perjuangan TETAPLAH BERSUARA TERKAIT WAPRES ABAL2 FUFUFAFA INI YA WAHAI PDIP DAN PDIP KAWAL PEMERINTAHAN PRABOWO DGN TETAP SANTUN KRITIS TDK MENGHINA PRIBADINYA TP PROGRAMNYA PRABOWO. JUSTRU LEBIH SENANG LG BILA PDI BS IKUT BERSAMA PRABOWO DENGAN CITA2 WAKTU 2009 LALU","1849224605791363470","","CakKhum","in","","0","0","0","https://x.com/azkbyzk/status/1849224605791363470","1687975253501419521","azkbyzk"
"1849091511872532568","Wed Oct 23 23:01:13 +0000 2024","0","@PelatihT1dur Halah omon-omon... Sm fufufafa sj takut beraninya cm sm 11 dari 100","1849224588611440846","","PelatihT1dur","in","","0","0","0","https://x.com/TholekG/status/1849224588611440846","1101738716471541766","TholekG"
"1849092310958780893","Wed Oct 23 23:00:26 +0000 2024","1","@KompasTV Alih¬≤ gerak cepat dlm bbrp hari ini lbh banyak Gimmick activities yg di lakukan Fufufafa.. Sialnya para buzzerRP &amp; koreografer nya meng orkestrasi kegiatan itu seakan wahh.. ","1849224391592481002","","KompasTV","in","jakarta","0","0","1","https://x.com/abas_jo/status/1849224391592481002","3238948560","abas_jo"
"1849071258333581517","Wed Oct 23 23:00:14 +0000 2024","0","@AnalisNetra @DedynurPalakka Klo melihat gaya pencitraan saat ini Sy berani taruhan klo kedepannya pencitraan fufufafa lebih berani melangkahi kewenangan kapasitas Presiden dan melanggar etika organisasi. Mereka sdh jadi alat para cukong rakus maupun aseng jadi segala cara akan ditempuh utk berkuasa","1849224339813695878","","AnalisNetra","in","","0","0","0","https://x.com/DemianRicko77/status/1849224339813695878","1349312934317498370","DemianRicko77"
"1849051878396748011","Wed Oct 23 22:50:59 +0000 2024","1","@alisyarief Suruh aja Fufufafa ketemu syahrini","1849222015024255035","","alisyarief","in","","0","0","0","https://x.com/GusKevin4/status/1849222015024255035","1274892266406998021","GusKevin4"
"1849036535192236089","Wed Oct 23 22:50:59 +0000 2024","1","@susi2001122 @Amran_bin_Al @bonapasogit24 @Pemburu_Celeng @Bara_Rc @TutupG56821 @gibran_tweet Fufufafa cuma kenek muly0n0","1849222013254320368","","susi2001122","in","IndonesiaRaya ","0","0","0","https://x.com/QalbuBahasa/status/1849222013254320368","1227573267461853184","QalbuBahasa"
"1849222002831454638","Wed Oct 23 22:50:57 +0000 2024","0","Bagikan di Twitter https://t.co/7N8T0c11bt detik detik awal rencana makar gulingkan Prabowo di mulai dari si bocil bocil haus kekuasaan rakyat harus bangkit lawan fufufafa","1849222002831454638","","","in","","0","0","0","https://x.com/MuhammadMa49540/status/1849222002831454638","1757676469604827136","MuhammadMa49540"
"1848928305359294763","Wed Oct 23 22:50:56 +0000 2024","0","@dayatpiliang Tunjukan kuasamu fufufafa","1849221999471841363","","dayatpiliang","in","","0","0","0","https://x.com/niskala1214/status/1849221999471841363","1745836687400501248","niskala1214"
"1849095896790917357","Wed Oct 23 22:49:52 +0000 2024","0","@tham878 molai rasis kyak begin8 0ebduk7ng fufufafa","1849221734270214628","","tham878","in","","0","0","0","https://x.com/SetFeny/status/1849221734270214628","1579698300886077440","SetFeny"
"1848888246903968148","Wed Oct 23 22:49:48 +0000 2024","0","@tinynabong sama-sama punya hak toh itu akun instagram masing-masing si odipuzz punya hak ngatain (ya sebenernya hak dia cuma kritik sih) dan si fufufafa punya hak ngepin yaaa lagian kritik pejabat ngapain bawa-bawa pemulung kek pemulungnya mau aja disama-samain pejabat ","1849221716134027460","","tinynabong","in","Denpasar, Bali","0","0","0","https://x.com/apaini89246277/status/1849221716134027460","1241744914011979779","apaini89246277"
"1849018301122515123","Wed Oct 23 22:49:48 +0000 2024","0","@CNNIndonesia Salah harusnya hidup tanpa Fufufafa","1849221715467145303","","CNNIndonesia","in","","0","0","0","https://x.com/hejin234/status/1849221715467145303","813888438764044288","hejin234"
"1849221696735384015","Wed Oct 23 22:49:44 +0000 2024","0","Driver nya mulyono Keneknya Fufufafa Ape loe https://t.co/pUs7jSejT0","1849221696735384015","","","in","IndonesiaRaya ","0","0","0","https://x.com/QalbuBahasa/status/1849221696735384015","1227573267461853184","QalbuBahasa"
"1849116003806121991","Wed Oct 23 22:49:00 +0000 2024","18","@Naz_lira Wowo masih di bawah ketiak Wiwi Buktinya Dia tak bisa berkutik atas MANUVER FUFUFAFA SBG WAKILNYA . Tinggal tunggu di KUDETA . Ni Bocil bisa lebih gila dan kejam di banding Bokapnya ","1849221514555744468","","Naz_lira","in","","1","1","2","https://x.com/whysato2/status/1849221514555744468","1732140188","whysato2"
"1848928305359294763","Wed Oct 23 22:48:07 +0000 2024","0","@tekarok007 @dayatpiliang Penjilat fufufafa kayak gini modarnya kapan sih ","1849221292781940876","","tekarok007","in","","0","0","0","https://x.com/ZeroPnumbra/status/1849221292781940876","1543778714059620353","ZeroPnumbra"
"1848722683300876530","Wed Oct 23 22:47:56 +0000 2024","0","@rizqi166 @xquitavee Kasir alfamidi lebih lancar dan pintar bicaranya daripada mas fufufafa ini","1849221243767300150","","rizqi166","in","","0","0","0","https://x.com/jopiepurba/status/1849221243767300150","1780074443634782209","jopiepurba"
"1849056960450359678","Wed Oct 23 22:47:33 +0000 2024","0","@OlgaLy_DIA @KejaksaanRI Mirip fufufafa ............. sayang anak konstitusi di rusak ........... siap siap mulyono","1849221151308063206","","OlgaLy_DIA","in","","0","0","0","https://x.com/BLompoa_mks/status/1849221151308063206","1724972545311645696","BLompoa_mks"
"1848950412604543094","Wed Oct 23 22:46:49 +0000 2024","0","@NataliusPigai2 @pandji HAM itu misalnya memastikan harkat dan martabat manusia tidak dihinakan oleh akun fufufafa. Atau misal memperjelas status korban penculikan 1998. Di mana para korban dan siapa pelaku penculikan?","1849220965143921131","","NataliusPigai2","in","Ujung Skeptis","0","0","0","https://x.com/ubaidzone/status/1849220965143921131","113543378","ubaidzone"
"1849220911293231108","Wed Oct 23 22:46:36 +0000 2024","0","Semoga bpk presiden kita @prabowo sehat selalu dlm hidayah Allah dan dapat mengemban amanah sampai akhir masa jabatan dan tentunya dpt mewujudkan janji2nyam aamin. Yes di for Prabowo No fufufafa #FreePalestine #FreePalestine #FreePalestine https://t.co/qtsCecdy2x","1849220911293231108","https://pbs.twimg.com/ext_tw_video_thumb/1849220865583632384/pu/img/YuWFLFHONlcniuEr.jpg","","in","Bogor Timur, Indonesia","0","0","0","https://x.com/poer739ke3/status/1849220911293231108","1818574272501366787","poer739ke3"
"1848977547134177331","Wed Oct 23 22:46:07 +0000 2024","1","@JhonSitorus_18 Ada kemungkinan Rakyat sudah sadar kelakuan dinasti fufuFafa ... Seperti rezim pinjol tidak yg ada nilai tambah terhadap kemakmuran rakyat malah membebani rakyat melalui pajak yg semakin tinggi..","1849220788949495909","","JhonSitorus_18","in","Sidoarjo, Indonesia","0","0","0","https://x.com/AWahyu05/status/1849220788949495909","741766877219688448","AWahyu05"
"1849049420857577706","Wed Oct 23 22:45:54 +0000 2024","0","@txtfromhan Heran aja warganya fufufafa","1849220732271972622","","txtfromhan","in","she/her ","0","1","0","https://x.com/caffltte/status/1849220732271972622","1809601493433217029","caffltte"
"1848857067001680368","Wed Oct 23 22:45:12 +0000 2024","1","@DokterTifa @prabowo Kok anda yg setiap hari promosi fufufafa...aku curiga ...jangan jangan ","1849220558367703399","","DokterTifa","in","","0","0","0","https://x.com/FirmanH53/status/1849220558367703399","1567176105949544449","FirmanH53"
"1848620861118656861","Wed Oct 23 22:35:44 +0000 2024","0","@Mdy_Asmara1701 Paman FUFUFAFA","1849218175801634885","","Mdy_Asmara1701","in","","0","0","0","https://x.com/GusKevin4/status/1849218175801634885","1274892266406998021","GusKevin4"
"1849036787328725116","Wed Oct 23 22:35:20 +0000 2024","0","@PelatihT1dur Sia-sia pencitraanmu fufufafa kualitasmu sudah tidak bisa diupgrade lagi dan sudah dikunci sama Prabowo untuk 2029","1849218074718966020","","PelatihT1dur","in","","0","0","0","https://x.com/supriadi1940329/status/1849218074718966020","1825159526208970752","supriadi1940329"
"1849217824377770234","Wed Oct 23 22:34:20 +0000 2024","0","WTS WTB JUAL BELI APLIKASI PREMIUM NETFLIX DISNEY CANVA VIDIO CAPCUT AMAZON PRIME GETCONTACT YOUTUBE IQIYI VIU BSTATION WETV LOKLOK CHATGPT YOUKU order ke wa https://t.co/YyHOOOS9WS t. nebeng lolly p diddy siang kamis nikmir fufufafa sarapan speed hujan RP 1 91 #zonauang https://t.co/aGQ0kCVIYy","1849217824377770234","https://pbs.twimg.com/media/Gam9zlcbgAA5bM8.jpg","","in","order bisa langsung ke wa/dm ","0","0","0","https://x.com/celineeass/status/1849217824377770234","1594271999118831616","celineeass"
"1849116789067964582","Wed Oct 23 22:34:10 +0000 2024","60","@CNNIndonesia Gimana ini udh capek2 loyal ke fufufafa eh pailit juga https://t.co/NGRNSouaVN","1849217781281247667","https://pbs.twimg.com/media/Gam9wWWbYAAmtrM.jpg","CNNIndonesia","in","","0","1","5","https://x.com/NasiAking234/status/1849217781281247667","1631607061053333505","NasiAking234"
"1848748687251673492","Wed Oct 23 22:34:09 +0000 2024","0","@All_clear5 @kegblgnunfaedh Huss Kan itu tujuan pemerintahan untuk membuat rakyatnya semakin bodoh yg ujung nya mudah dimanfaatkan ingat 9 naga ingat mulyono dan FufuFafa","1849217776319397900","","All_clear5","in","","0","0","0","https://x.com/FadielaMuhamad/status/1849217776319397900","475833417","FadielaMuhamad"
"1848926446653477208","Wed Oct 23 22:33:53 +0000 2024","0","@TeddGus @tarsiusfan Wkwk kapasitas otak pendukung fufufafa rata segini doang ya diem kan lu dijelasin kek gtu","1849217708010901558","","TeddGus","in","","0","0","0","https://x.com/aghemmmz/status/1849217708010901558","1247236244142034944","aghemmmz"
"1849152782789750875","Wed Oct 23 22:33:51 +0000 2024","0","@erosrosess pake gambar fufufafa","1849217702021456040","","erosrosess","in","","0","1","0","https://x.com/444yown/status/1849217702021456040","1459460470637686785","444yown"
"1848567946253373545","Wed Oct 23 22:33:02 +0000 2024","0","@blank0429 @Ganda_waras @ukhtielya @msaid_didu Dasar beliau menyimpulkan bahwa konsultan buzzer team media influencer dan oligarki digerakkan untuk Fufufafa apa? Yang menggerakkan siapa buktinya apa? Maka itu bisa dikategorikan fitnah. Gak nyampek kan?... ","1849217497897336840","","blank0429","in","Kupang, NTT","0","1","0","https://x.com/SugiartoEnded/status/1849217497897336840","1048226810238971904","SugiartoEnded"
"1848775166995927437","Wed Oct 23 22:32:56 +0000 2024","0","@CakKhum Terpapar fufufafa","1849217470911123499","","CakKhum","in","DKI Jakarta, Indonesia","0","0","0","https://x.com/Heri_breuwox/status/1849217470911123499","57200942","Heri_breuwox"
"1848493379501625780","Wed Oct 23 22:31:46 +0000 2024","1","@msaid_didu Fufufafa @gibran_tweet itu tidak tau diri yah pdhl jabatan dia cuma wakil kehadiran dia juga tidak diinginkan rakyat tapi knp merasa sok sibuk bgt kinerjanya.","1849217178958213218","","msaid_didu","in","","0","0","0","https://x.com/diankrtn__/status/1849217178958213218","1434155272465833987","diankrtn__"
"1849078350817759382","Wed Oct 23 22:31:30 +0000 2024","0","@tvOneNews Memecat pejabat yg amoral menghina dll seperti hinaan akun fufufafa juga kan pak????","1849217112172351750","","tvOneNews","in","","0","0","0","https://x.com/imamputrajago/status/1849217112172351750","2158095163","imamputrajago"
"1849217050125975698","Wed Oct 23 22:31:16 +0000 2024","138","Akun pelanggan akun bokep ternyata selain pemuja Mukidi - juga pemuja fufufafa","1849217050125975698","","","in","","1","21","21","https://x.com/msaid_didu/status/1849217050125975698","1117990249806721024","msaid_didu"
"1848756477424767379","Wed Oct 23 22:30:57 +0000 2024","2","@LukPrabowo @Simemaki Lah elo saban hari saban jam saban menit menghina Jokowi dan keluarga apa lagi skrg dgn hoax fufufafa dan elo sendiri belum tentu secemerlang Gibran Sakit nih Anak Abah Anies ","1849216973399634347","","LukPrabowo","in","Sumbar","0","1","0","https://x.com/cinta_damai99d/status/1849216973399634347","2285295595","cinta_damai99d"
"1848958778248728793","Wed Oct 23 22:30:23 +0000 2024","0","@beli_estehh Kita yg cuman liat aja ketrigger apalagi mereka gak kebayang capek dan frustrasinya gimana kita punya fufufafa aja udah cape komplain dan pengen kabur gimana mereka yg dibom tiap hari tapi gaada yg denger teriakan mereka ","1849216831137120442","","beli_estehh","in","Pandora","0","0","0","https://x.com/aily_shin/status/1849216831137120442","798137372","aily_shin"
"1849216533152805063","Wed Oct 23 22:29:12 +0000 2024","0","Jejak bidjital penghuni parTai nol koma... Sama sadisnya dg yg punya akun fufufafa... satu geng satu pembina.","1849216533152805063","","","in","Indonesia","0","0","0","https://x.com/66_dee_S/status/1849216533152805063","108824582","66_dee_S"
"1849216469638513069","Wed Oct 23 22:28:57 +0000 2024","0","Wow buzzer fufufafa udh mulai muncul ya dengan narasi mau gmn pun dia wapres. WKWLWKWLWLW lucu bgtttt","1849216469638513069","","","in","Duren Sawit, Indonesia","0","0","0","https://x.com/jeraechan/status/1849216469638513069","1221736405748994049","jeraechan"
"1849015300991463468","Wed Oct 23 22:27:28 +0000 2024","0","@kompascom Kompas medianya FUFUFAFA","1849216093711380591","","kompascom","in","larantuka","0","0","0","https://x.com/azkafii/status/1849216093711380591","164763057","azkafii"
"1849056476956156123","Wed Oct 23 22:27:17 +0000 2024","1","@tempodotco Nabok nyilih tangan. Efektif dan efisien. Yang nyerang sipin mungkin ngk banyak tapi kalo jadi tagar kan lumayan ngk bikin capek fufufafa ....","1849216047502827727","","tempodotco","in","Kota Surabaya, Jawa Timur","0","0","0","https://x.com/adikusdianto/status/1849216047502827727","434642446","adikusdianto"
"1848538596703408459","Wed Oct 23 21:50:45 +0000 2024","0","@tijabar Emang dia paham? Gaya leher njengongok ...otak dimana otak Fufufafa ","1849206855970816309","","tijabar","in","Malang","0","0","0","https://x.com/danishazzahra/status/1849206855970816309","511152603","danishazzahra"
"1849206649871081647","Wed Oct 23 21:49:56 +0000 2024","0","Oooh kabur trus balik lagi setela rezim berganti ini ternyata warisan leluhur","1849206649871081647","","","in","Vrindavan","0","0","1","https://x.com/Sinefail/status/1849206649871081647","55790782","Sinefail"
"1849206574352650523","Wed Oct 23 21:49:38 +0000 2024","0","noo oline terkena sindrom fufufafa","1849206574352650523","","","in","Dunia Fantasi","0","0","0","https://x.com/potatoesgoodboy/status/1849206574352650523","1557883442469097472","potatoesgoodboy"
"1848954681906892917","Wed Oct 23 21:48:10 +0000 2024","13","@Otto_0967 Wapress fufufafa sedang menggunting dlm lipatan. Pencitraam kerja dengan utekk kosongnya. Jendral harusnya udh tau cara main fufufafa mau ambil alih kursi presiden dengan cara2 kotor pura2 kerja di tengah presiden lg pusing anggaran cekakk","1849206206096937326","","Otto_0967","in","","0","0","1","https://x.com/pemudinusantari/status/1849206206096937326","1795705887723819008","pemudinusantari"
"1849178984178921540","Wed Oct 23 21:47:50 +0000 2024","0","@NoContextHumans FUFUFAFA &amp; MULYONO","1849206122991022552","","NoContextHumans","in","Pochinki is my city","0","0","0","https://x.com/kataovek/status/1849206122991022552","1006554160546734080","kataovek"
"1849171997168922780","Wed Oct 23 21:47:37 +0000 2024","0","@thejurgenholic Inilah bedanya fox in the box dengan false nine apa itu firmino~","1849206067517084009","","thejurgenholic","in","Vrindavan","0","0","0","https://x.com/Sinefail/status/1849206067517084009","55790782","Sinefail"
"1848855464429424711","Wed Oct 23 21:47:33 +0000 2024","0","@Kanseulir Sebenarnya gk ngerti apa apa. Cuma ikut foto foto aja. Biar lama kelamaan kalian bisa melupakan fufufafa. ","1849206049552859606","","Kanseulir","in","","0","0","0","https://x.com/hokagekon0ha/status/1849206049552859606","1306666632","hokagekon0ha"
"1849196639619281369","Wed Oct 23 21:46:10 +0000 2024","0","@msaid_didu Ada tanda2 menuju perbaikan arah Bangsa &amp;Negara Indonesia di hari pertama rapat kabinet merah putih yg suka2 blusukan&amp;kunjungan proyek yg tak bermanfaat kecuali unt pencitraan&amp;pemborosan uang negara harap segera berhenti ikuti arahan pimpinanmu toh kamu tak faham apapun(fufufafa)","1849205700192583863","","msaid_didu","in","","0","0","0","https://x.com/abagtweets/status/1849205700192583863","235892001","abagtweets"
"1849204165622247550","Wed Oct 23 21:44:28 +0000 2024","0","@sbyfess Adus kerjo","1849205275125018977","","sbyfess","in","","0","0","0","https://x.com/tentuTanya/status/1849205275125018977","1836439487842521090","tentuTanya"
"1848724625100034542","Wed Oct 23 21:44:13 +0000 2024","0","@qittyuh Baik Jangan samain aku sama Fufufafa juga ya","1849205210536956079","","qittyuh","in","Raphelion Atharic","0","0","0","https://x.com/TheCaserh/status/1849205210536956079","1842182037278777344","TheCaserh"
"1849205111073145134","Wed Oct 23 21:43:49 +0000 2024","0","wapres fufufafa terus aja uji coba program makan siang gratis kapan dilaksanakan mundur lagi katanya Oktober 2024 habis dilantik kok jadi Januari 2025. https://t.co/yAUCmqbedS","1849205111073145134","https://pbs.twimg.com/media/GamyP27aEAAGzES.jpg","","in","","0","0","0","https://x.com/abadijayaandre/status/1849205111073145134","1608853643276713984","abadijayaandre"
"1848903206929371543","Wed Oct 23 21:43:24 +0000 2024","0","@JhonSitorus_18 Benar Aturannya di rubah tapi kl soal worth sy sih pikir mayor teddy lebih worth daripada gibran fufufafa","1849205004042707011","","JhonSitorus_18","in","","0","0","0","https://x.com/HendriW45163972/status/1849205004042707011","1460642624973393924","HendriW45163972"
"1848943791383945666","Wed Oct 23 21:42:41 +0000 2024","1","@fajarnugros Nggak semua hal bisa dibandingkan Karena ada yang namanya skala prioritas Kalau mau bandingin bandingin juga hal-hal yang menyertainya misal biaya perawatannya modal pembangunannya dll biar adil Jangan semua pembangunan dianggap investasi padahal terus-terusan rugi","1849204822958022883","","fajarnugros","in","","0","0","0","https://x.com/fufufafariz/status/1849204822958022883","615993566","fufufafariz"
"1848943901874491846","Wed Oct 23 21:41:58 +0000 2024","0","@DokterTifa @prabowo Lawan oligarki lewat anteknya fufufafa dan orang Jokowi di pemerintahan baru","1849204642787598815","","DokterTifa","in","","0","0","0","https://x.com/BinMadraz70580/status/1849204642787598815","1833697399635935232","BinMadraz70580"
"1849071258333581517","Wed Oct 23 21:41:15 +0000 2024","0","@DedynurPalakka wapres fufufafa terus aja uji coba program makan siang gratis kapan dilaksanakan mundur lagi katanya Oktober 2024 habis dilantik kok jadi Januari 2025.","1849204463690801486","","DedynurPalakka","in","","0","0","0","https://x.com/abadijayaandre/status/1849204463690801486","1608853643276713984","abadijayaandre"
"1849204256680866105","Wed Oct 23 21:40:40 +0000 2024","0","Kami~ https://t.co/pEPibioZAr","1849204318655918164","https://pbs.twimg.com/media/GamxhwybYAA1uKn.jpg","Sinefail","in","Vrindavan","0","0","0","https://x.com/Sinefail/status/1849204318655918164","55790782","Sinefail"
"1849204256680866105","Wed Oct 23 21:40:26 +0000 2024","1","((((( KAMI ))))) Nanggung kesalahan kok ngajak-ngajak kalo beneran ngaku salah mah yg tegas dong bilang SAYA minta maaf~","1849204256680866105","","","in","Vrindavan","0","1","2","https://x.com/Sinefail/status/1849204256680866105","55790782","Sinefail"
"1848600495054852484","Wed Oct 23 21:09:50 +0000 2024","0","@sulkycatz Sebenernya cara jawab orang orang begini tuh cukup satu kalimat Siap anak Mulyono / siap adik fufufafa ","1849196557801038092","","sulkycatz","in","","0","0","0","https://x.com/tuni22sa/status/1849196557801038092","1839957095309029376","tuni22sa"
"1848748965665378603","Wed Oct 23 21:09:49 +0000 2024","0","@dewahbi2 @BangPino__ Fufufafa hoax akal akalan pecundang sakit hati dengan cara mengadu domba Presiden dan Wakil Presiden. ","1849196553111810354","","dewahbi2","in","","0","0","0","https://x.com/asmawan_ed72119/status/1849196553111810354","1837316949380050944","asmawan_ed72119"
"1848582675147460771","Wed Oct 23 21:08:07 +0000 2024","0","@mas_veel Yeee kok ga di blas comenan paling bawah ga bisa blas ya fufufafa kok di sanjung ga malu lo py wapres mulut congor sampah gitu otak mesum..bocah gini lu banggain ngejawab omongan wartawan aja. Ga bisa ntu bocah..sadar woii hidup lu lg ssh oleh keluarga mulyono gini lu bangga!!!","1849196126018367634","","mas_veel","in","","0","0","0","https://x.com/RiskyantiS61383/status/1849196126018367634","1752312661520580608","RiskyantiS61383"
"1848671199053938959","Wed Oct 23 21:08:05 +0000 2024","0","@MartinusButarb1 270 juta orang harus 1000 kali lebih licik dari fufufafa","1849196116316918241","","MartinusButarb1","in","In Your Nightmare","0","0","0","https://x.com/DIKETAWAINkhila/status/1849196116316918241","1461689742127341573","DIKETAWAINkhila"
"1848857067001680368","Wed Oct 23 21:07:36 +0000 2024","0","@DokterTifa @prabowo Ayo Fufufafa lanjutkan cuekin sj itu yg kepanasan","1849195996691173800","","DokterTifa","in","","0","0","0","https://x.com/JaY_ImuD/status/1849195996691173800","1715375380197236736","JaY_ImuD"
"1849195960611860808","Wed Oct 23 21:07:28 +0000 2024","8","Si @gibran_tweet sok¬≤an nandain rakyat. Lupa dia sama kelakuan nya si fufufafa yg lebih sadis lagi makian dan hinaannya ke kakek @prabowo dan anak nya?","1849195960611860808","","","in","","0","0","2","https://x.com/ronavioleta/status/1849195960611860808","485385284","ronavioleta"
"1849195825869774956","Wed Oct 23 21:06:55 +0000 2024","0","P jmbt @esmuellert_","1849195825869774956","","","in","","0","0","0","https://x.com/AnwarKhoirull/status/1849195825869774956","3187938841","AnwarKhoirull"
"1849085310539575802","Wed Oct 23 21:06:49 +0000 2024","2","@Intel_Imut Prabowo dilengserkan FUFUFAFA jadi presiden","1849195797369532430","","Intel_Imut","in","","0","0","0","https://x.com/KuahNgendal/status/1849195797369532430","1669153732892962816","KuahNgendal"
"1848857067001680368","Wed Oct 23 21:06:35 +0000 2024","0","@DokterTifa @prabowo Ga penting juga ngurusin siapa pemilik akun fufufafa yang penting bentar lagi JP Crypto dan Bebas Dari Ke syirikan https://t.co/yf2WQmzpCq","1849195739089608997","https://pbs.twimg.com/media/GampuWaaEAAmT0D.jpg","DokterTifa","in","","0","0","0","https://x.com/restu_down/status/1849195739089608997","1581347784","restu_down"
"1848748965665378603","Wed Oct 23 21:06:20 +0000 2024","0","@edjoy12 @BangPino__ @adearmando61 Fufufafa isapan jempol hoax roy panci.","1849195676099629537","","edjoy12","in","","0","0","0","https://x.com/asmawan_ed72119/status/1849195676099629537","1837316949380050944","asmawan_ed72119"
"1849191152706318453","Wed Oct 23 21:04:45 +0000 2024","0","@BarcaBandidos Mas itu tadi ngeblok tendangan siapa itu dos? Pas di depan gawang munchen","1849195279658230174","","BarcaBandidos","in","","0","0","0","https://x.com/AnwarKhoirull/status/1849195279658230174","3187938841","AnwarKhoirull"
"1848748965665378603","Wed Oct 23 21:04:02 +0000 2024","0","@Aljung182 @SmokesOnMyHead @BangPino__ @gibran_tweet Kerja kerja kerja fufufafa fufufafa melulu wkwkwk ","1849195097478627386","","Aljung182","in","","0","0","0","https://x.com/asmawan_ed72119/status/1849195097478627386","1837316949380050944","asmawan_ed72119"
"1849194847783280826","Wed Oct 23 21:03:02 +0000 2024","2","Fufufafa was right","1849194847783280826","","","in","","0","0","0","https://x.com/interisti2001/status/1849194847783280826","514876304","interisti2001"
"1849192592074006542","Wed Oct 23 21:02:22 +0000 2024","0","@barcastuff_idn Barca kapan kalah lagi ya?","1849194677280682360","","barcastuff_idn","in","","0","0","0","https://x.com/AnwarKhoirull/status/1849194677280682360","3187938841","AnwarKhoirull"
"1849001290191540346","Wed Oct 23 20:59:24 +0000 2024","0","@cingreborn gakuat pgn balik ke mode fufufafa","1849193933982908813","","cingreborn","in","Edinburgh, Scotland","0","0","0","https://x.com/uneedtopayabill/status/1849193933982908813","1295681531462037506","uneedtopayabill"
"1848737898453217567","Wed Oct 23 20:52:29 +0000 2024","0","@Chynthia_K FUra FUra FAham alias FUFUFAFA","1849192192944038176","","Chynthia_K","in","","0","0","0","https://x.com/AsepBerlian8/status/1849192192944038176","913218610008539136","AsepBerlian8"
"1849191870452400239","Wed Oct 23 20:51:12 +0000 2024","3","hamdalah pengantro kelas online biar ga ngeliat bingkai fufufafa","1849191870452400239","","","in","","1","0","2","https://x.com/pogungenjoyer/status/1849191870452400239","1471909575951413250","pogungenjoyer"
"1848529581105680396","Wed Oct 23 20:51:12 +0000 2024","0","@blantik_pedhet2 Gagahnya fufufafa ? Fufufafa itu sakit jiwa Tahu !!","1849191870284640503","","blantik_pedhet2","in","","0","0","0","https://x.com/hwangpingcia/status/1849191870284640503","191151638","hwangpingcia"
"1848903735302623503","Wed Oct 23 20:48:30 +0000 2024","0","@KemensetnegRI Wakil presiden fufufafa","1849191191046406218","","KemensetnegRI","in","Blok Q Kby Baru  Jakarta","0","0","0","https://x.com/tengsaw1/status/1849191191046406218","875827812","tengsaw1"
"1849036535192236089","Wed Oct 23 20:48:21 +0000 2024","0","@Pemburu_Celeng @Amran_bin_Al @bonapasogit24 @Bara_Rc @TutupG56821 @gibran_tweet Hahahaha biasanya artis klu merasakan di rugikan akan melaporkan. Tp semua gak ada yg melaporkan krn fufufafa hanyalah maya . Yg bisa saja dr lawan politiknya utk menjatuhkan samsul tp gak mempan ","1849191150038720625","","Pemburu_Celeng","in","","0","1","0","https://x.com/susi2001122/status/1849191150038720625","1778233239997739008","susi2001122"
"1849191029012103568","Wed Oct 23 20:47:52 +0000 2024","0","sama-sama kosong bedanya orang-orang apk kandang monyet bilang perel looks nya mendingan dibanding fufufafa","1849191029012103568","","","in","Batam, Indonesia","0","0","0","https://x.com/travistimothy00/status/1849191029012103568","890601049714638848","travistimothy00"
"1848493379501625780","Wed Oct 23 20:47:30 +0000 2024","0","@msaid_didu Ehm ehmmmm narasinya manis bngt yg ditunjukan buat Presiden.. Lagi ngarep Pak?? ingat Pak disana masih ada fufufafa.","1849190936347369473","","msaid_didu","in","","0","0","0","https://x.com/AstoMedia/status/1849190936347369473","1536382915948425216","AstoMedia"
"1849059434590618015","Wed Oct 23 20:47:19 +0000 2024","0","@fwbbasee tulisannya rapih banget kaya masa depan fufufafa","1849190892445557094","","fwbbasee","in","","0","1","0","https://x.com/khaaairy/status/1849190892445557094","1649711158281269249","khaaairy"
"1849189801381240939","Wed Oct 23 20:42:59 +0000 2024","1","Semoga kita semua dikuatkan kecuali fufufafa dan keluarga. https://t.co/fDdtpn10de","1849189801381240939","https://pbs.twimg.com/media/GamkTwubYAAy3xl.jpg","","in","","0","0","0","https://x.com/lievvv4/status/1849189801381240939","1811741588944748545","lievvv4"
"1848992354415612060","Wed Oct 23 20:41:00 +0000 2024","0","@closetowhy Selama fufufafa jd wapres ya tetep bakal nempel salahnha wkowkaow","1849189300887531949","","closetowhy","in","","0","0","0","https://x.com/Muteki_no_Joyuu/status/1849189300887531949","979183225812627456","Muteki_no_Joyuu"
"1848715064184123880","Wed Oct 23 20:39:59 +0000 2024","1","@rifaldim21 @msaid_didu GUOBLOG. PENJILAT MULYONO FUFUFAFA #FufufafaWapresIlegal #adilijokowi #TumbangkanFufufafa #FufufafaWapresPsikopat ","1849189045508919619","","rifaldim21","in","1985","0","2","0","https://x.com/RakyatNgenez/status/1849189045508919619","1639315365489709056","RakyatNgenez"
"1849188480863400012","Wed Oct 23 20:37:44 +0000 2024","0","Baru baru baru...perjalanan masih panjang!! Nanti kita lihat..salam FUFUFAFA...FUFUFAFA","1849188480863400012","","","in","","0","0","0","https://x.com/tjandra_alwi/status/1849188480863400012","1441147010392858625","tjandra_alwi"
"1848476317299445807","Wed Oct 23 20:36:05 +0000 2024","0","@alisyarief Fufufafa itu sbrnya tujuan akhirnya membidik Prabowo gibran itu mau dijadikan kambing hitam pintu masuk untuk menyerang Prabowo... Hati2 bung","1849188064717087061","","alisyarief","in","","0","0","0","https://x.com/bobbie281022/status/1849188064717087061","1817793019044904960","bobbie281022"
"1848857067001680368","Wed Oct 23 20:35:02 +0000 2024","0","@kellymalida2 @DokterTifa @prabowo Gassss terus bu dokter para SDM rendah penyepong anak haram konstitusi bertpeng fufufafa sdh mulai bergeriliya.","1849187801964957877","","kellymalida2","in","Bandung, Jawa Barat","0","0","0","https://x.com/himawan73/status/1849187801964957877","1307583278","himawan73"
"1849187430081196246","Wed Oct 23 20:33:34 +0000 2024","10","Pelanggaran Hukum Aktif dan Pasif: Mengingatkan Presiden Prabowo dalam Kasus FufuFafa https://t.co/Rmjnv5SRr8","1849187430081196246","","","in","-6.252543,106.806343","0","0","2","https://x.com/alisyarief/status/1849187430081196246","30201110","alisyarief"
"1848606468582543736","Wed Oct 23 20:31:30 +0000 2024","2","@Nananan60388973 Semoga Allah kumpulkan semua pemilih 02 dengan keluarga mulyono fufufafa didit dan wowo diakhirat kelak selamalamalamalamanya ","1849186909853257927","","Nananan60388973","in","","0","0","1","https://x.com/Bendata99/status/1849186909853257927","1654712203038322689","Bendata99"
"1849085310539575802","Wed Oct 23 20:31:28 +0000 2024","1","@Intel_Imut Tukaran posisi kyknya fufufafa jd presiden prabowo jd wakil presiden..","1849186901653328286","","Intel_Imut","in","Di Negeri Para Bedebah","0","0","0","https://x.com/fitrah_se/status/1849186901653328286","126573927","fitrah_se"
"1849186734124507192","Wed Oct 23 20:30:48 +0000 2024","0","fufufafa nya keluar","1849186734124507192","","","in","heaven","0","0","0","https://x.com/tjandiliant/status/1849186734124507192","1288756650162049024","tjandiliant"
"1849089744015376522","Wed Oct 23 20:30:14 +0000 2024","0","@Bramakumba123 @kegblgnunfaedh Jingan Si fufufafa","1849186591841063133","","Bramakumba123","in","","0","2","0","https://x.com/MDM_Rakindo/status/1849186591841063133","1605951879556780032","MDM_Rakindo"
"1848980534522978358","Wed Oct 23 19:54:56 +0000 2024","0","@karf1anda Pas banget lagi fufufafa abis bagi bagi buku tulis di SMP","1849177710784114740","","karf1anda","in","Jakarta Capital Region","0","0","0","https://x.com/YessAditya/status/1849177710784114740","1273326880603533312","YessAditya"
"1849113837079081134","Wed Oct 23 19:52:30 +0000 2024","46","@BudiBukanIntel Sayangnya ig gak bisa komen pake gambar ya kalau bisa tiap postingan bapak wapres kita serbu pake ss an postingan fufufafa terkait pak presiden wkwk","1849177094997311941","","BudiBukanIntel","in","","0","2","0","https://x.com/RizkiUdinn/status/1849177094997311941","1634921928938110980","RizkiUdinn"
"1848943901874491846","Wed Oct 23 19:48:05 +0000 2024","1","@Nurha_sym11 @DokterTifa @prabowo Anjeng bnyk bacot loe penyepong fufufafa","1849175984253309088","","Nurha_sym11","in","Di Hatimu","0","1","0","https://x.com/codebwi1/status/1849175984253309088","1578545031962857473","codebwi1"
"1848994072721297761","Wed Oct 23 19:46:17 +0000 2024","1","@B34Rf16ht3R @CakKhum @prabowo @Gerindra Ntar lagi keluar survei kinerja Wapres fufufafa melejit meninggalkan presiden prabowo..","1849175533806141927","","B34Rf16ht3R","in","","0","1","0","https://x.com/JangNgungare/status/1849175533806141927","4214662275","JangNgungare"
"1849085310539575802","Wed Oct 23 19:45:49 +0000 2024","4","@Intel_Imut Akan ada kambing hitam bernama fufufafa","1849175415686128107","","Intel_Imut","in","","0","0","0","https://x.com/mas_kenarok/status/1849175415686128107","567399063","mas_kenarok"
"1849071258333581517","Wed Oct 23 19:42:57 +0000 2024","1","@RAP1612RAP @DedynurPalakka Woyyyy... buzzeer fufufafa gentayangan di sosmed posting mode on... cuma bisa blusukan bagi2 makanan buku kaos tinjau sono sini. Liat tuh PHK makin menggila Rakyat tetap banyak yg lapaaar .","1849174692802027759","","RAP1612RAP","in","Jakarta Capital Region, Indone","0","0","1","https://x.com/KayanaDuris/status/1849174692802027759","1547231490001743872","KayanaDuris"
"1848711568403665011","Wed Oct 23 19:39:41 +0000 2024","0","@cobeh2022 Gak akan berani Ku kira rakyat bakalan bergerak deh Banyak yang menempatkan lawannya itu Fufufafa bukan pak Prabowonya Kalau rakyat grassroot kemana angin berhembus aja sih","1849173869623677008","","cobeh2022","in","Pekalongan, indonesia","0","0","0","https://x.com/pujisurwanoto/status/1849173869623677008","746761152","pujisurwanoto"
"1849071258333581517","Wed Oct 23 19:36:26 +0000 2024","9","@DedynurPalakka Woyyy.... Buzzer fufufafa bin Mulyono.... Gentayangan di sosmed arahan Kakak Pembina ato Pinokowi pake remote kontrol dr Oslo. Biar fufufafa lebih populer dari pak Prabowo ? . Fufufafa udah ngebet mau nyalib Opa Bowo. Keknya gak mau nunggu 2029 apalagi 2034 .","1849173053164642651","","DedynurPalakka","in","Jakarta Capital Region, Indone","0","0","1","https://x.com/KayanaDuris/status/1849173053164642651","1547231490001743872","KayanaDuris"
"1848725531250069771","Wed Oct 23 19:35:16 +0000 2024","0","@CakKhum Akibat kebanyakan bacot di medsos malah penjahat HAM dan nepo baby berkuasa. Mampus lu semua kelas menengah ngehek. Mamam tuh si gemoy dan fufufafa. https://t.co/l7ulrQcWDc","1849172760721068065","","CakKhum","in","Jakarta Capital Region","0","0","0","https://x.com/TwoKidsNoJob40/status/1849172760721068065","1409393623","TwoKidsNoJob40"
"1849045764980543797","Wed Oct 23 19:33:27 +0000 2024","0","@itsquaileggs Makanya jangan bacot mulu di medsos. Mang enak lu penjahat HAM dan nepo baby berkuasa. Mampus lu semua kelas menengah ngehek. Mamam tuh si gemoy dan fufufafa. https://t.co/l7ulrQcWDc","1849172301306273964","","itsquaileggs","in","Jakarta Capital Region","0","0","0","https://x.com/TwoKidsNoJob40/status/1849172301306273964","1409393623","TwoKidsNoJob40"
"1849088930790158338","Wed Oct 23 19:32:30 +0000 2024","0","@papa_loren Bacot mulu lu di medsos. Mang enak lu penjahat HAM dan nepo baby berkuasa. Mampus lu semua kelas menengah ngehek. Mamam tuh si gemoy dan fufufafa. https://t.co/l7ulrQcWDc","1849172061295644986","","papa_loren","in","Jakarta Capital Region","0","0","0","https://x.com/TwoKidsNoJob40/status/1849172061295644986","1409393623","TwoKidsNoJob40"
"1849001290191540346","Wed Oct 23 19:31:52 +0000 2024","0","@cingreborn Kebanyakan bacot mulu di medsos. Mang enak lu penjahat HAM dan nepo baby berkuasa. Mampus lu semua kelas menengah ngehek. Mamam tuh si gemoy dan fufufafa. https://t.co/l7ulrQcWDc","1849171903543676957","","cingreborn","in","Jakarta Capital Region","0","0","0","https://x.com/TwoKidsNoJob40/status/1849171903543676957","1409393623","TwoKidsNoJob40"
"1848903206929371543","Wed Oct 23 19:31:29 +0000 2024","0","@JhonSitorus_18 Makanya jangan bacot mulu di medsos. Mang enak lu penjahat HAM dan nepo baby berkuasa. Mampus lu semua kelas menengah ngehek. Mamam tuh si gemoy dan fufufafa. https://t.co/l7ulrQcWDc","1849171808693756303","","JhonSitorus_18","in","Jakarta Capital Region","0","0","0","https://x.com/TwoKidsNoJob40/status/1849171808693756303","1409393623","TwoKidsNoJob40"
"1849001290191540346","Wed Oct 23 19:30:57 +0000 2024","16","@vickotweet @cingreborn hahahaha fufufafa otak kosong dungu yg penyembahnya masih bilang yg penting bisa kerja sini gw tonjok muka lu anjing tolol","1849171672517239141","","vickotweet","in","","0","0","0","https://x.com/dwinata1234/status/1849171672517239141","1633783239541403648","dwinata1234"
"1849167550304972933","Wed Oct 23 19:30:49 +0000 2024","0","@providied Jangan gitu nanti fufufafa gak ada kerjaan.","1849171638958670008","","providied","in","Natasha Noemi.","0","1","0","https://x.com/ofThrose/status/1849171638958670008","774134953244143616","ofThrose"
"1848845739151265910","Wed Oct 23 19:30:36 +0000 2024","0","@susipudjiastuti @prabowo Bisa apa sih negara korup kayak gini? Ditambah lagi penjahat HAM dan nepo baby berkuasa. Mampus dah kelas menengah ngehek. Mamam tuh si gemoy dan fufufafa. https://t.co/l7ulrQcWDc","1849171585061810316","","susipudjiastuti","in","Jakarta Capital Region","0","0","0","https://x.com/TwoKidsNoJob40/status/1849171585061810316","1409393623","TwoKidsNoJob40"
"1849171567240241414","Wed Oct 23 19:30:32 +0000 2024","1","SEBUTKAN AKU NJING WAKIL PRESIDEN NEGARA MANA YANG ORANG KRITIK DI SOSMED DI PIN KOMENTAR YA KONTOL LU PENYEPONG FUFUFAFA","1849171567240241414","","","in","","0","0","0","https://x.com/adepianpratama1/status/1849171567240241414","1675108087978659845","adepianpratama1"
